{
  "dataset": {
    "name": "lotte",
    "n_queries": 2931,
    "n_documents": 2428854,
    "query_shape": [2931, 32, 128],
    "vector_dim": 128
  },
  
  "paths": {
    "data_root": "/path/to/your/data",
    "embedding_dir": "Embedding/lotte",
    "index_dir": "Index/lotte",
    "rawdata_dir": "RawData/lotte/document",
    "results_dir": "Result",
    "query_embedding": "Embedding/lotte/query_embedding.npy",
    "doclens": "Embedding/lotte/doclens.npy",
    "groundtruth_recall": "Embedding/lotte/lotte-groundtruth-top10--.tsv",
    "queries_file": "RawData/lotte/document/queries.dev.tsv",
    "groundtruth_mrr": "RawData/lotte/document/queries.gnd.jsonl",
    "collection": "RawData/lotte/document/collection.tsv"
  },
  
  "index": {
    "method": "IGP",
    "n_centroid": 131072,
    "n_bit": 2,
    "index_name": "IGP-n_centroid_131072-n_bit_2"
  },
  
  "retrieval": {
    "topk": 10
  },
  
  "grid_search": {
    "nprobe": [1, 2, 4, 8, 16, 32, 64],
    "probe_topk": [10, 20, 50, 100, 200, 300, 400, 500, 600]
  },
  
  "metrics": {
    "primary": "success",
    "success_at_k": 5,
    "thresholds": [0.67, 0.675, 0.68, 0.685, 0.69, 0.695, 0.70, 0.705]
  },
  
  "output": {
    "performance_subdir": "performance_lotte",
    "answer_subdir": "answer_lotte",
    "single_query_subdir": "single_query_performance_lotte",
    "best_results_file": "best_results_lotte.tsv"
  }
}

