{
  "dataset": {
    "name": "msmacro",
    "n_queries": 6980,
    "n_documents": 8841823,
    "query_shape": [6980, 32, 128],
    "vector_dim": 128
  },
  
  "paths": {
    "data_root": "/path/to/your/data",
    "embedding_dir": "Embedding/msmacro",
    "index_dir": "Index/msmacro",
    "rawdata_dir": "RawData/msmacro/document",
    "results_dir": "Result",
    "query_embedding": "Embedding/msmacro/query_embedding.npy",
    "doclens": "Embedding/msmacro/doclens.npy",
    "groundtruth_recall": "Embedding/msmacro/msmacro-groundtruth-top10--.tsv",
    "queries_file": "RawData/msmacro/document/queries.dev.tsv",
    "groundtruth_mrr": "RawData/msmacro/document/queries.gnd.jsonl",
    "collection": "RawData/msmacro/document/collection.tsv"
  },
  
  "index": {
    "method": "IGP",
    "n_centroid": 262144,
    "n_bit": 2,
    "index_name": "IGP-n_centroid_262144-n_bit_2"
  },
  
  "retrieval": {
    "topk": 10
  },
  
  "grid_search": {
    "nprobe": [1, 2, 4, 8, 16, 32, 64],
    "probe_topk": [10, 20, 50, 100, 200, 300, 400, 500, 600]
  },
  
  "metrics": {
    "primary": "mrr",
    "thresholds": [0.39, 0.392, 0.394, 0.396, 0.398, 0.399, 0.4, 0.402]
  },
  
  "output": {
    "performance_subdir": "performance_msmacro",
    "answer_subdir": "answer_msmacro",
    "single_query_subdir": "single_query_performance_msmacro",
    "best_results_file": "best_results_msmarco.tsv"
  }
}

